nombres;apellidos;email;direccion;codigo_postal;ciudad;pais;vat_number
Alicia;Silva;francoiseroussel@yahoo.fr;Rosemannweg 294;89-593;Sebaldeburen;KP;TT410533432
Michael;Tomaselli;emmanuelfaure@ifrance.com;Av de Alves, 70;99-663;Borgo Baldassare;VN;MX776404871
Damian;Campbell;blejeune@wanadoo.fr;82386 Robert Harbors;51-837;Mcdonaldside;KH;PX286706083
Nadia;Macedo;fmota@gmail.com;Contrada Francesco 10 Appartamento 65;90866;Franco ligure;LA;XW402926816
Atenulf;Kopyto;cuestacustodio@hotmail.com;Brittsingel 7;73761;Girona;RU;QZ664286552
Karlijn;Saracino;ildiko94@gmx.de;Av Guerreiro, 2;2554SM;South Nicholas;FR;JO494967316
Marica;Pugliese;rogerleclerc@yahoo.fr;boulevard de Faure;64855;Bontebok;GA;CI021921721
Stanisław;Nerger;blonkpien@yahoo.com;Praça da Feiteira, S/N;55613;Lübben;EG;NU705895043
Nicoletta;Vidal;ikolarczyk@gmail.com;Av de Valente, S/N;40028;Klein;BB;SD963542880
Jafet;Subocz;zbudig@yahoo.de;al. Grzybowa 33;03079;Miesbach;CL;XV765000374
Heike;Thomas;sotoepifanio@hotmail.com;Rua Jéssica Leal, 15;43878;Madrid;ST;YL993711584
Andrey;Hickman;wyrobekandrzej@interia.pl;Mohamedsteeg 89;44735;Gondomar;NG;NQ876149307
Alfons;Johnson;belinda52@hotmail.de;Cuesta de Loreto Román 44 Apt. 07 ;30-593;Edwardston;IR;SY458949996
Mia;Bignardi;josephine63@orange.fr;Pasaje de Pascual Fuster 30 Puerta 4 ;85300;Starogard Gdański;BT;HT467789999
Chantal;Boogaerts;brockamy@yahoo.com;Camino de Jose Amador 90 Piso 0 ;81812;Port Jonathanfort;LS;RJ493761669
Osvaldo;Ortmann;rocamoracarmen@yahoo.com;ulica Sikorskiego 71/62;25240;Hamburg;MZ;EA044087243
Veronica;Ritter;amadeo86@vodafone.it;Stendreef 34;06-350;Gonzalezborough;SC;OD249902756
Filip;Rozynek;gijs85@gmail.com;Rico-Juncken-Weg 8;67-564;Łuków;CM;WB539789238
Isabella;Bruneau;fabiankurpisz@o2.pl;Piazza Erika 846 Appartamento 48;67771;Santarém;DK;TP414782741
Lúcia;Ruffini;torrentsflor@gmail.com;Bibidreef 277;51427;Saint Dorothéeboeuf;CH;ZB379829667
Tiziana;Cunha;manonjacob@voila.fr;Walli-Ring-Gasse 9/2;2578IO;Ávila;MM;IH047426184
Carolina;Kelley;hsolari@hotmail.com;9, avenue de Leblanc;97659;Almada;ER;LH767472571
Marvin;Moraleda;chloe46@gmail.com;aleja Powstańców Wielkopolskich 734;15221;Elvas;CM;XQ533442734
Haley;Zapora;de-beersil@yahoo.com;Canale Giosuè 990;53-358;Gillesdan;AR;BR713045885
Raimondo;Fields;mojjulianna@interia.pl;Alameda da Baleia, 11;1396-297;Oosterhout;SI;OM154842400
Calisto;Lombardo;mieszkozugaj@interia.pl;Rua Gaspar Santos, 75;15258;Coste-les-Bains;NA;QO635550278
Amber;Menéndez;ofigueiredo@sapo.pt;Alameda de Abigaíl Caballero 60 Apt. 01 ;40723;Agualva-Cacém;UG;AL453000868
Laure;Texier;che32@gmail.com;1977 Hodges Mission Suite 666;6925-079;Quarto Patrizia;TL;YY840930611
Sara;Galiano;paolofilogamo@gmail.com;rue Gallet;60-429;Broek in Waterland;BN;QH476734506
Marie-Theres;Schomber;gravinaannunziata@libero.it;826, boulevard Blanc;60747;San Matilda;CM;OO808244237
Ivo;Klemt;karalopez@hotmail.com;ulica Cedrowa 28;78928;Romina umbro;TD;BX006495398
Anastasia;Aarts;charpentiermartin@wanadoo.fr;Zakariasingel 350;4271PK;Williamsstad;SK;EI938369530
Diego;Wilson;floris28@gmail.com;Strada Porzio 0;36785;Câmara de Lobos;EC;FB411391564
Manon;Suarez;pturpin@gmail.com;262 Dudley Tunnel Suite 974;6896-474;Loures;AT;TX502297768
Mart;Litwińczuk;schwitaledelbert@yahoo.de;ul. Częstochowska 80/67;99401;Álava;TV;DL991060318
Marcus;Amorim;arthurpereira@wanadoo.fr;Jessesingel 2;51382;La Rioja;AL;HT749351318
Victoriano;Vattimo;caitlintaylor@yahoo.com;aleja Skośna 69/45;38137;Badajoz;EE;NN607219964
Maurycy;Leblanc;jhickman@yahoo.com;pl. Tartaczna 190;89785;Rossetti a mare;TL;ZC536440037
Frederique;Postma;maria97@yahoo.com;Sükrü-Wilmsen-Allee 0;28952;Melilla;CF;WF611244169
Róża;Malewicz;olgierd26@hotmail.com;Rambla Delfina Anaya 32 Apt. 16 ;1280 VS;Dias-sur-Samson;CN;JR079475434
Amélia;Wagner;alveserica@sapo.pt;651 Montoya Lodge Suite 087;91900;Georgemouth;KZ;QP986733305
Giovanni;Maillet;adelemoulin@wanadoo.fr;Gröttnerstr. 717;53696;Settimo Mirco umbro;SI;QH100560923
Ivonne;Renner;ulla13@yahoo.de;Rowansteeg 102;5664 QM;New Michele;IL;IZ175186333
Susanne;Nette;josephdiaz@bouygtel.fr;ul. Robotnicza 464;45532;Starachowice;GM;QJ863467115
Aria;Muñoz;upierre@voila.fr;43, avenue Joséphine Dupont;20-597;Prenzlau;LC;OU719676279
Marcello;Antunes;anderstassilo@aol.de;ulica Rzemieślnicza 42/74;4184-604;West Michael;AO;WY942647245
Kajetan;Johnson;carlabragadin@gmail.com;Avenida da Rainha, 47;5452-248;Arnstadt;CM;GK252717432
Konstantinos;Garcia;cendronniccolo@virgilio.it;22, chemin de Aubert;3778FZ;Sainte Sabineboeuf;DZ;PA627919612
Maria;Łaciak;heatherlewis@yahoo.com;Tobiasring 0;58637;Pons;QA;FO706534924
Nazaret;Reis;pellegrinopulci@yahoo.com;Selma-Karge-Straße 7/3;21181;Robbinsview;SI;TY928607967
Slavko;Errigo;de-la-flecheelin@hotmail.com;Anne-Kathrin-Schenk-Platz 3/8;3540-441;Kerkwijk;KG;KY495519704
Tola;Busquets;giulianamanacorda@tin.it;chemin de Lebreton;53809;Baleares;AG;GQ645166979
Patricia;Mendes;avallet@noos.fr;Felixweg 829;0637-549;Nowa Ruda;PS;DG436793212
Tonino;Geisler;amanda59@gmail.com;Avenida de Ainara Lorenzo 78 Piso 2 ;37950;Monicamouth;SY;BP684571464
Ilaria;Valentino;cunhanelson@sapo.pt;Rohlederplatz 85;55696;Gotha;SR;AZ386281692
Jon;Noguera;warchaldawid@interia.pl;rue de Verdier;8682-115;Meyer-sur-Pineau;TO;WW129245238
Aria;Bradford;keano14@yahoo.com;486, boulevard Thierry Duval;52701;North Matthewchester;IR;LE890296013
Roksana;Munoz;bianka59@hotmail.com;ulica Pszenna 415;59052;Geulle;TR;VY932557988
Madeleine;Junitz;laurencebonnin@wanadoo.fr;Avenida Lisandro Company 11;95475;HardyBourg;BB;BY040298441
Jose Angel;Vieira;martinsrenato@clix.pt;Ronda de Amor Roma 19 Piso 2 ;28-042;Eichstätt;PS;EG011976834
Siem;Scandone;lovatogeronimo@gmail.com;Avenida Amnistia Internacional, S/N;07530;Sainte Catherine;WS;SG360964483
Victoriano;Walter;kadehartmut@googlemail.com;Liviaweg 53;23854;Scottview;SO;EF192851715
Licia;Vespucci;opodsiadla@interia.pl;68197 Smith Parkways;85182;Lublin;KR;FA102499344
Tobiasz;Pedrazzini;vasco32@gmail.com;Weihmannstraße 662;03499;Borgo Dina;NE;HX043020159
Imke;Figueiredo;mmatos@sapo.pt;Vicolo Lando 05;53-323;Salamanca;PG;KW334098003
Rita;Peña;sermontistefania@gmail.com;Camino Marciano Vega 68;25576;Konstanz;OM;AK167805778
Violetta;Araújo;dos-santossabine@noos.fr;Av André Carvalho, 2;80300;Regensburg;BI;UG702338080
Umberto;Hahn;audrey32@gmail.com;Jimlaan 79;6415UU;Hobrede;TG;JL973460928
Jolanda;Krata;sven98@yahoo.com;Strada Sagnelli 398 Piano 9;61853;Pontevedra;PK;TR672513929
Jay;Prokurat;asycz@onet.pl;plac Zaułek 84;31747;Backnang;PK;AA078988230
Adolfine;Ofiara;lklerks@hotmail.com;Thomaslaan 330;6683-712;South Jenniferton;CD;QQ172004136
Luna;Tröst;julian96@onet.pl;Robindreef 78;94865;Borgo Arturo salentino;VN;FS238850229
Megan;Bouvier;luisagermano@yahoo.com;5, chemin Adrien Rodriguez;03781;Viana do Castelo;MR;NW398827627
Larry;van Alenburg;thoutvictoria@hotmail.com;915, chemin Morvan;54411;Visvliet;OM;GL236108087
Leandra;Fleming;lsmith@yahoo.com;2615 Ellis Track;02277;Felgueiras;US;TF163102104
Sabatino;Niemeier;fmielcarek@hotmail.de;Feddepad 44;69-867;Maia;KG;ZD831637848
Leonardo;Mirończuk;barreralisandro@hotmail.com;Lübsweg 2/7;03327;Borgo Greca a mare;TO;XI966452226
Jennifer;Klemt;monique18@gmail.com;Brittdreef 8;6651 CR;Málaga;BF;PG472536156
Liza;Williams;matilde69@sapo.pt;47505 Sanders Vista Apt. 010;5076 ON;Granada;LU;IA473011745
Ofelia;Macedo;amberburke@hotmail.com;Södingstr. 4;40295;Sainte Michel;TL;ZD255578781
Apolinar;Gosselin;cguerreiro@gmail.com;Acceso Luz Sánchez 41;1605 YL;Le GallBourg;JP;BH566210008
Kimberly;Araújo;guidofuseli@libero.it;Ronda Macaria Feliu 2 Puerta 0 ;74917;Saint ConstanceVille;KM;HQ243096579
Carolina;Iñiguez;marciasalvador@gmail.com;C. Pancho Menendez 491 Puerta 4 ;51980;Nauen;LR;LM734445919
Pilar;Graf;olgaczurylo@interia.pl;aleja Niecała 72/53;6447-333;Valencia;AL;WJ716722569
Emanuel;ter Waarbeek;upeciak@o2.pl;pl. Konwaliowa 87;89158;Sevilla;IE;GM774291747
Timothy;Juraszczyk;rosselliniamalia@poste.it;Via Octavio Soriano 36 Puerta 1 ;50028;Neeritter;CH;RI964045824
Julián;Soares;isabelabreu@gmail.com;Arnulf-Trubin-Gasse 9;95872;Toni nell'emilia;CZ;FP047699245
Senn;Normand;alopez@hotmail.com;Rambla de Eugenia Cortina 84;97415;Radom;LU;OC960293562
Kyan;Meister;ehermighausen@gmx.de;Sanderpad 4;2693BL;Castellón;GT;BA031189649
Danique;Segerszoen;lusiakmarcel@o2.pl;493, avenue de Joseph;89307;Lubin;TL;OD071363814
Ester;Torres;wcarranza@yahoo.com;Jesseweg 79;41066;Borgo Severino lido;MM;TI371060694
Rebecca;Hertrampf;valentineblanc@club-internet.fr;avenue Colette Lebreton;30691;Cádiz;KM;VU310628300
Jost;Bailly;ciprianomontanari@gmail.com;pl. Boczna 842;7530-191;Nowa Sól;SI;IV774585927
Jorge;Ramos;bradysullivan@yahoo.com;Rotonda Raimondi 59 Piano 4;76867;Borgo Atenulf ligure;CU;MZ482110789
Julian;Kleijse;jameswilson@gmail.com;pl. Malinowa 129;35953;West-Terschelling;TT;ZA867599242
Stephanie;Gajzler;ruben13@sapo.pt;163, rue de Alves;5778HQ;Tuttlingen;FJ;CX245623599
Filipe;Roht;faurehonore@hotmail.fr;Largo de Almeida, 78;1011 PT;Zeulenroda;SE;VA461752784
Ludovico;Gonzalez;bhoarau@laposte.net;Levilaan 605;8651 NO;Aurora terme;NI;SN683921092
Mark;Potok;umassey@hotmail.com;64017 David Loaf;5859-146;Dedgum;CY;QB264164840
Jacqueline;Valette;hazevedo@gmail.com;Tijshof 061;24082;Dieburg;UZ;DS251928610
Jennifer;Seidel;carolina10@sapo.pt;Viale Gozzi 9 Appartamento 70;54444;Cuenca;NA;ME067418561
Jonathan;Room;inette@gmail.com;3756 Kim Vista;26530;Quarto Letizia;PK;LS834112260
Vigo;Pizziol;annikahaering@web.de;Av Lisandro Vieira, 57;65283;West Mark;TR;ME760162150
Zara;Manunta;aleksbos@yahoo.com;315, avenue de Bernard;79-625;Almelo;MW;XE356848503
Ariana;Strong;huebelanna-marie@aol.de;Engelbert-Wirth-Weg 1/3;90799;Teruel;DO;QO748202983
Clara;Cattaneo;deschampsagnes@voila.fr;9961 Holmes Pines;7786 HS;Lake Tracie;FI;FJ525037432
Nikodem;Mülichen;ryan79@hotmail.com;347 Buck Isle;7633-202;Togliatti terme;SN;KN794698410
Érica;Petrassi;wangtamara@yahoo.com;Cuesta Ileana Sainz 24;93602;Tychy;PY;ZR580877231
Ronaldo;Tirabassi;brian87@gmail.com;Jakeweg 498;2185 VI;Grafenau;AL;NH117637008
Giuseppina;Schuchhardt;bguardiola@gmail.com;Plaza Federico Hoyos 21 Puerta 6 ;16584;FerreiraBourg;MN;NC876559482
Christine;Fouquet;marcarco@hotmail.com;Weitzelstr. 68;17748;Kościan;DJ;DS921659517
Giancarlo;Moyer;herrerakatherine@gmail.com;Jannestraat 1;7045-536;Estarreja;ET;OQ799192546
Dagmara;Bohnbach;tymonsolich@gmail.com;474 Harris Mountain Suite 809;8631-281;Tarnów;KP;DV657178168
Leslie;Macias;kreuselwillfried@web.de;1834 George Trace;42378;Saint Christine;EC;OK023306634
Domenico;Klimko;lscheer@yahoo.com;ul. Jana Pawła II 45;60155;Hamon;AE;TU690421503
Lucy;Hövel;xborzym@onet.pl;Abelhof 41;82-865;Biłgoraj;SB;QJ675334824
Arie;Bartłomiejczyk;sami65@yahoo.com;9, chemin de Klein;78821;Markshire;KM;EG963621099
Giustino;Manning;maurobonanno@hotmail.com;Köhlerstr. 799;54540;Nowy Dwór Mazowiecki;TW;LI768663656
Michael;Hövel;taylormonica@hotmail.com;Adelgunde-Trubin-Gasse 2;99071;Pirmasens;CI;KY322398417
Bo;Falloppio;adriano95@gmail.com;Kraushaarallee 5/5;5778 EM;Millerton;GE;KV086564764
Francisco;Tylek;leandro55@gmail.com;Ronda Angelino Sanchez 71;63696;Angra do Heroísmo;IT;BT811978929
Marika;Zioła;hpierre@orange.fr;Canale Angelo 6;96-417;Julien-la-Forêt;JP;PG347405362
Klara;Jäntsch;szalkiewiczpiotr@o2.pl;Viale Alderano 24 Piano 0;7906YX;Chorzów;AL;DP841214537
Nicole;Sauro;hcremonesi@alice.it;Rua de Sá, 7;42787;Buisson;SD;MY075795536
William;Arregui;eva98@hotmail.com;Daniring 492;8228-830;Quarto Aurora nell'emilia;KG;PF642775835
Fausto;Olszowa;thierry71@free.fr;Travessa Goelas de Pau, 21;75217;Sainte Émilieboeuf;IT;UZ449799617
Roos;Renault;moronkacper@interia.pl;Plaza de Albina Calatayud 42;5055 XB;Millermouth;GD;OT722351455
Leopoldo;Calderón;qanjos@clix.pt;Ronda de Andrés Felipe Esteve 33;71518;Finsterwalde;PS;IG843731937
Traude;Garcia;maria-josefeijoo@gmail.com;Avenida Raúl Checa 47;56-537;Schmidtport;GM;IX720501084
Mahmut;van Kusen;frederique78@ifrance.com;Josefine-Bender-Weg 2/9;52425;Cooleyshire;SG;YD512300425
Adriana;Davis;pclement@club-internet.fr;al. Sawickiej 44;89849;Smithmouth;TJ;EE280829631
Paulette;Stone;sborzym@interia.pl;Weitzelallee 2;56695;Santa Cruz;MD;YW134615517
Asunción;Ruppersberger;solsonaprimitiva@yahoo.com;968 Lee Alley;30938;Mooremouth;GM;CQ225410397
Mélanie;Wohlgemut;hugopirandello@libero.it;Av Moreira, 3;91474;Felgueiras;GA;WJ343967347
Veerle;Padło;giacinto26@fastwebnet.it;Matthijssteeg 136;60-709;Nieuweroord;MV;SW974450964
Apolonia;Vianello;wilmsenahmet@web.de;Vajènweg 867;6082-425;Onstwedde;MC;TI850078928
Élodie;Sass;azra73@yahoo.com;27, avenue de Vaillant;87648;Nataliechester;LR;JH685309295
Amor;Cabrera;fredocavalcanti@alice.it;Samstraat 647;90174;Zambrów;MH;GW480224955
Sante;Interminelli;karl-otto43@googlemail.com;56, chemin Michèle Da Silva;44195;León;CO;SC640635045
Adriana;Geraci;gomesrodrigo@clix.pt;Travessa Almeida, 60;5212YF;Zuidvelde;BE;KN182144737
Alexandros;Vicens;elmar73@gmx.de;487 Brooke Springs Apt. 648;80053;Racibórz;GD;HL166466023
Flora;Carretero;zcardano@virgilio.it;Marga-Putz-Gasse 16;4856OK;Aveiro;MZ;YP648123638
Miriam;Pinheiro;teresablanch@hotmail.com;Jaysteeg 8;40796;East Jeffreyshire;GQ;XF571647519
Cristiano;Mohaupt;dotte@hotmail.com;Canale Vittorio 3;12147;Bielsko-Biała;MC;XW865768350
Henry;Schweitzer;valentinavicente@sapo.pt;Alameda de Matias, 294;1310RL;Gilbert;VN;KX189248961
Dewi;Munoz;chaparrogala@gmail.com;2613 Rose Parkways;99896;Crailsheim;CU;DJ646240520
Maggie;Garcia;mariobonolis@tim.it;Glorieta de Juan Pablo Pera 3 Apt. 73 ;1179IA;Lattrop-Breklenkamp;MH;AE569896643
António;Freitas;martinruiz@hotmail.com;Hänelstraße 0;95119;Aprilside;FM;BC844055737
Daniel;Rosselló;ssims@gmail.com;Praça Juliana Fonseca, 79;04131;Niggli sardo;FR;HV398795155
John;Henry;rosaliaortiz@hotmail.com;Rua Matias, 1;5118ER;Moers;VU;AP140108299
